{
    "engine": {
        "model": "Qwen/Qwen2.5-0.5B-Instruct",
        "model_path": "None",
        "engine_dir": "/media/masa/ssd_data/trtllm-latency/artifacts/workspaces/Qwen2.5-0.5B-Instruct_bs1_seq1064_tok1064_bf16/Qwen/Qwen2.5-0.5B-Instruct/tp_1_pp_1",
        "revision": null,
        "version": "1.2.0",
        "backend": "TRT",
        "dtype": "bfloat16",
        "kv_cache_dtype": null,
        "quantization": null,
        "max_input_length": 1024,
        "max_sequence_length": 1064
    },
    "machine": {
        "name": "NVIDIA GeForce RTX 4070 Ti",
        "memory.total": 11.5906982421875,
        "clocks.mem": 10.501
    },
    "world_info": {
        "tp_size": 1,
        "pp_size": 1,
        "ep_size": 1,
        "world_size": 1,
        "max_batch_size": 1,
        "max_num_tokens": 1064,
        "scheduling_policy": "GUARANTEED_NO_EVICT",
        "kv_cache_percentage": 0.9,
        "issue_rate": 1.8390477073e+17
    },
    "request_info": {
        "num_requests": 100,
        "avg_num_concurrent_requests": 0.9998680796136885,
        "avg_input_length": 1024.0,
        "avg_output_length": 40.0
    },
    "performance": {
        "total_latency_ms": 18619.237471,
        "avg_request_latency_ms": 186.16781213999997,
        "request_throughput_req_s": 5.370789225700187,
        "system_output_throughput_tok_s": 214.8315690280075,
        "system_total_throughput_tok_s": 5714.519736144999,
        "output_throughput_per_user_tok_s": 244.72094451316508,
        "output_throughput_per_gpu_tok_s": 214.8315690280075,
        "request_latency_percentiles_ms": {
            "p50": 149.299332,
            "p90": 288.240861,
            "p95": 369.81740199999996,
            "p99": 674.857864,
            "minimum": 129.81222499999998,
            "maximum": 674.857864,
            "average": 186.16781213999997
        }
    },
    "streaming_metrics": {
        "token_output_speed_tok_s": 8134.654533405164,
        "avg_ttft_ms": 31.41855316,
        "avg_tpot_ms": 3.9679297174358976,
        "tpot_percentiles": {
            "p50": 3.230094076923077,
            "p90": 6.541383435897436,
            "p95": 8.302052512820513,
            "p99": 15.297395153846153,
            "minimum": 0.0037466666666666664,
            "maximum": 15.297395153846153,
            "average": 3.9679297174358976
        },
        "ttft_percentiles": {
            "p50": 13.897044999999999,
            "p90": 83.83673399999999,
            "p95": 144.78769499999999,
            "p99": 213.96006599999998,
            "minimum": 12.747708,
            "maximum": 213.96006599999998,
            "average": 31.41855316
        },
        "gen_tps_percentiles": {
            "p50": 310.1685120076013,
            "p90": 396.5757655356217,
            "p95": 746.3842134456753,
            "p99": 266903.9145907473,
            "minimum": 65.3706065603316,
            "maximum": 266903.9145907473,
            "average": 8134.654533405164
        }
    },
    "dataset": {
        "isl_stats": {
            "p50": 1024.0,
            "p90": 1024.0,
            "p95": 1024.0,
            "p99": 1024.0,
            "minimum": 1024.0,
            "maximum": 1024.0,
            "average": 1024.0
        },
        "osl_stats": {
            "p50": 40.0,
            "p90": 40.0,
            "p95": 40.0,
            "p99": 40.0,
            "minimum": 40.0,
            "maximum": 40.0,
            "average": 40.0
        },
        "seq_len_stats": {
            "p50": 1064.0,
            "p90": 1064.0,
            "p95": 1064.0,
            "p99": 1064.0,
            "minimum": 1064.0,
            "maximum": 1064.0,
            "average": 1064.0
        },
        "num_requests": 100,
        "dataset_path": "/media/masa/ssd_data/trtllm-latency/measurements/rtx4070ti_qwen25_0p5b_official_cli_longctx/datasets/in1024_out40.json",
        "max_isl": 1024,
        "max_osl": 40,
        "max_sequence_length": 1064,
        "avg_isl": 1024,
        "avg_osl": 40,
        "avg_sequence_length": 1064
    }
}