{
    "engine": {
        "model": "Qwen/Qwen2.5-0.5B-Instruct",
        "model_path": "None",
        "engine_dir": "/media/masa/ssd_data/trtllm-latency/artifacts/workspaces/Qwen2.5-0.5B-Instruct_bs1_seq1064_tok1064_bf16/Qwen/Qwen2.5-0.5B-Instruct/tp_1_pp_1",
        "revision": null,
        "version": "1.2.0",
        "backend": "TRT",
        "dtype": "bfloat16",
        "kv_cache_dtype": null,
        "quantization": null,
        "max_input_length": 1024,
        "max_sequence_length": 1064
    },
    "machine": {
        "name": "NVIDIA GeForce RTX 4070 Ti",
        "memory.total": 11.5906982421875,
        "clocks.mem": 10.501
    },
    "world_info": {
        "tp_size": 1,
        "pp_size": 1,
        "ep_size": 1,
        "world_size": 1,
        "max_batch_size": 1,
        "max_num_tokens": 1064,
        "scheduling_policy": "GUARANTEED_NO_EVICT",
        "kv_cache_percentage": 0.9,
        "issue_rate": 1.8406925506e+17
    },
    "request_info": {
        "num_requests": 100,
        "avg_num_concurrent_requests": 0.9998673412670159,
        "avg_input_length": 256.0,
        "avg_output_length": 40.0
    },
    "performance": {
        "total_latency_ms": 18604.263318999998,
        "avg_request_latency_ms": 186.01795300999999,
        "request_throughput_req_s": 5.375112052831077,
        "system_output_throughput_tok_s": 215.00448211324309,
        "system_total_throughput_tok_s": 1591.0331676379988,
        "output_throughput_per_user_tok_s": 241.9691158403449,
        "output_throughput_per_gpu_tok_s": 215.00448211324309,
        "request_latency_percentiles_ms": {
            "p50": 160.357552,
            "p90": 281.06591099999997,
            "p95": 330.870203,
            "p99": 507.029639,
            "minimum": 118.97600299999999,
            "maximum": 507.029639,
            "average": 186.01795300999999
        }
    },
    "streaming_metrics": {
        "token_output_speed_tok_s": 25261.73853207389,
        "avg_ttft_ms": 40.62648653,
        "avg_tpot_ms": 3.72798632,
        "tpot_percentiles": {
            "p50": 3.4665483333333333,
            "p90": 6.541867179487179,
            "p95": 8.020945948717948,
            "p99": 11.871917512820511,
            "minimum": 0.003751384615384615,
            "maximum": 11.871917512820511,
            "average": 3.72798632
        },
        "ttft_percentiles": {
            "p50": 15.930598999999999,
            "p90": 137.790475,
            "p95": 164.186372,
            "p99": 218.980012,
            "minimum": 4.512245,
            "maximum": 218.980012,
            "average": 40.62648653
        },
        "gen_tps_percentiles": {
            "p50": 289.49873620440167,
            "p90": 125942.95752815955,
            "p95": 264188.26462180435,
            "p99": 266568.24146981625,
            "minimum": 84.23239118028722,
            "maximum": 266568.24146981625,
            "average": 25261.73853207389
        }
    },
    "dataset": {
        "isl_stats": {
            "p50": 256.0,
            "p90": 256.0,
            "p95": 256.0,
            "p99": 256.0,
            "minimum": 256.0,
            "maximum": 256.0,
            "average": 256.0
        },
        "osl_stats": {
            "p50": 40.0,
            "p90": 40.0,
            "p95": 40.0,
            "p99": 40.0,
            "minimum": 40.0,
            "maximum": 40.0,
            "average": 40.0
        },
        "seq_len_stats": {
            "p50": 296.0,
            "p90": 296.0,
            "p95": 296.0,
            "p99": 296.0,
            "minimum": 296.0,
            "maximum": 296.0,
            "average": 296.0
        },
        "num_requests": 100,
        "dataset_path": "/media/masa/ssd_data/trtllm-latency/measurements/rtx4070ti_qwen25_0p5b_official_cli_longctx/datasets/in256_out40.json",
        "max_isl": 256,
        "max_osl": 40,
        "max_sequence_length": 296,
        "avg_isl": 256,
        "avg_osl": 40,
        "avg_sequence_length": 296
    }
}