{
    "engine": {
        "model": "Qwen/Qwen2.5-0.5B-Instruct",
        "model_path": "None",
        "engine_dir": "/media/masa/ssd_data/trtllm-latency/artifacts/workspaces/Qwen2.5-0.5B-Instruct_bs1_seq1064_tok1064_bf16/Qwen/Qwen2.5-0.5B-Instruct/tp_1_pp_1",
        "revision": null,
        "version": "1.2.0",
        "backend": "TRT",
        "dtype": "bfloat16",
        "kv_cache_dtype": null,
        "quantization": null,
        "max_input_length": 1024,
        "max_sequence_length": 1064
    },
    "machine": {
        "name": "NVIDIA GeForce RTX 4070 Ti",
        "memory.total": 11.5906982421875,
        "clocks.mem": 10.501
    },
    "world_info": {
        "tp_size": 1,
        "pp_size": 1,
        "ep_size": 1,
        "world_size": 1,
        "max_batch_size": 1,
        "max_num_tokens": 1064,
        "scheduling_policy": "GUARANTEED_NO_EVICT",
        "kv_cache_percentage": 0.9,
        "issue_rate": 1.845631874e+17
    },
    "request_info": {
        "num_requests": 20,
        "avg_num_concurrent_requests": 0.9998827768947414,
        "avg_input_length": 256.0,
        "avg_output_length": 40.0
    },
    "performance": {
        "total_latency_ms": 3838.347389,
        "avg_request_latency_ms": 191.8948723,
        "request_throughput_req_s": 5.210575795540636,
        "system_output_throughput_tok_s": 208.42303182162547,
        "system_total_throughput_tok_s": 1542.3304354800284,
        "output_throughput_per_user_tok_s": 240.1607868979403,
        "output_throughput_per_gpu_tok_s": 208.42303182162547,
        "request_latency_percentiles_ms": {
            "p50": 152.007141,
            "p90": 303.099434,
            "p95": 500.51297999999997,
            "p99": 500.51297999999997,
            "minimum": 121.36739,
            "maximum": 500.51297999999997,
            "average": 191.8948723
        }
    },
    "streaming_metrics": {
        "token_output_speed_tok_s": 13669.511352455796,
        "avg_ttft_ms": 57.117023599999996,
        "avg_tpot_ms": 3.4558422743589743,
        "tpot_percentiles": {
            "p50": 3.515288461538461,
            "p90": 7.179947564102564,
            "p95": 7.285059564102563,
            "p99": 7.285059564102563,
            "minimum": 0.003774179487179487,
            "maximum": 7.285059564102563,
            "average": 3.4558422743589743
        },
        "ttft_percentiles": {
            "p50": 27.107806999999998,
            "p90": 146.93644799999998,
            "p95": 355.37483499999996,
            "p99": 355.37483499999996,
            "minimum": 4.5724029999999996,
            "maximum": 355.37483499999996,
            "average": 57.117023599999996
        },
        "gen_tps_percentiles": {
            "p50": 315.49335187959656,
            "p90": 1859.6767109395291,
            "p95": 264958.25209079235,
            "p99": 264958.25209079235,
            "minimum": 137.26723730956735,
            "maximum": 264958.25209079235,
            "average": 13669.511352455796
        }
    },
    "dataset": {
        "isl_stats": {
            "p50": 256.0,
            "p90": 256.0,
            "p95": 256.0,
            "p99": 256.0,
            "minimum": 256.0,
            "maximum": 256.0,
            "average": 256.0
        },
        "osl_stats": {
            "p50": 40.0,
            "p90": 40.0,
            "p95": 40.0,
            "p99": 40.0,
            "minimum": 40.0,
            "maximum": 40.0,
            "average": 40.0
        },
        "seq_len_stats": {
            "p50": 296.0,
            "p90": 296.0,
            "p95": 296.0,
            "p99": 296.0,
            "minimum": 296.0,
            "maximum": 296.0,
            "average": 296.0
        },
        "num_requests": 20,
        "dataset_path": "/media/masa/ssd_data/trtllm-latency/measurements/rtx4070ti_qwen25_0p5b_official_cli_longctx/datasets/in256_out40.json",
        "max_isl": 256,
        "max_osl": 40,
        "max_sequence_length": 296,
        "avg_isl": 256,
        "avg_osl": 40,
        "avg_sequence_length": 296
    }
}