{
    "engine": {
        "model": "Qwen/Qwen2.5-0.5B-Instruct",
        "model_path": "None",
        "engine_dir": "/media/masa/ssd_data/trtllm-latency/artifacts/workspaces/Qwen2.5-0.5B-Instruct_bs1_seq1064_tok1064_bf16/Qwen/Qwen2.5-0.5B-Instruct/tp_1_pp_1",
        "revision": null,
        "version": "1.2.0",
        "backend": "TRT",
        "dtype": "bfloat16",
        "kv_cache_dtype": null,
        "quantization": null,
        "max_input_length": 1024,
        "max_sequence_length": 1064
    },
    "machine": {
        "name": "NVIDIA GeForce RTX 4070 Ti",
        "memory.total": 11.5906982421875,
        "clocks.mem": 10.501
    },
    "world_info": {
        "tp_size": 1,
        "pp_size": 1,
        "ep_size": 1,
        "world_size": 1,
        "max_batch_size": 1,
        "max_num_tokens": 1064,
        "scheduling_policy": "GUARANTEED_NO_EVICT",
        "kv_cache_percentage": 0.9,
        "issue_rate": 1.514482727e+17
    },
    "request_info": {
        "num_requests": 100,
        "avg_num_concurrent_requests": 0.9998508042107055,
        "avg_input_length": 512.0,
        "avg_output_length": 40.0
    },
    "performance": {
        "total_latency_ms": 15271.851912,
        "avg_request_latency_ms": 152.69573416,
        "request_throughput_req_s": 6.547994347785947,
        "system_output_throughput_tok_s": 261.91977391143786,
        "system_total_throughput_tok_s": 3614.492879977842,
        "output_throughput_per_user_tok_s": 277.2269485678575,
        "output_throughput_per_gpu_tok_s": 261.91977391143786,
        "request_latency_percentiles_ms": {
            "p50": 132.15037999999998,
            "p90": 196.96947799999998,
            "p95": 229.449054,
            "p99": 375.445161,
            "minimum": 120.45868399999999,
            "maximum": 375.445161,
            "average": 152.69573416
        }
    },
    "streaming_metrics": {
        "token_output_speed_tok_s": 8351.832552446334,
        "avg_ttft_ms": 24.84346232,
        "avg_tpot_ms": 3.2782633805128203,
        "tpot_percentiles": {
            "p50": 3.008999564102564,
            "p90": 4.629515128205128,
            "p95": 5.699985743589743,
            "p99": 9.447193512820512,
            "minimum": 0.0036526923076923073,
            "maximum": 9.447193512820512,
            "average": 3.2782633805128203
        },
        "ttft_percentiles": {
            "p50": 9.870782,
            "p90": 68.894075,
            "p95": 90.747619,
            "p99": 202.818907,
            "minimum": 6.941224999999999,
            "maximum": 202.818907,
            "average": 24.84346232
        },
        "gen_tps_percentiles": {
            "p50": 332.67372663437294,
            "p90": 481.638471838685,
            "p95": 694.6565645552984,
            "p99": 273770.6644203433,
            "minimum": 105.85154190426279,
            "maximum": 273770.6644203433,
            "average": 8351.832552446334
        }
    },
    "dataset": {
        "isl_stats": {
            "p50": 512.0,
            "p90": 512.0,
            "p95": 512.0,
            "p99": 512.0,
            "minimum": 512.0,
            "maximum": 512.0,
            "average": 512.0
        },
        "osl_stats": {
            "p50": 40.0,
            "p90": 40.0,
            "p95": 40.0,
            "p99": 40.0,
            "minimum": 40.0,
            "maximum": 40.0,
            "average": 40.0
        },
        "seq_len_stats": {
            "p50": 552.0,
            "p90": 552.0,
            "p95": 552.0,
            "p99": 552.0,
            "minimum": 552.0,
            "maximum": 552.0,
            "average": 552.0
        },
        "num_requests": 100,
        "dataset_path": "/media/masa/ssd_data/trtllm-latency/measurements/rtx4070ti_qwen25_0p5b_official_cli_longctx/datasets/in512_out40.json",
        "max_isl": 512,
        "max_osl": 40,
        "max_sequence_length": 552,
        "avg_isl": 512,
        "avg_osl": 40,
        "avg_sequence_length": 552
    }
}