{
    "engine": {
        "model": "Qwen/Qwen2.5-0.5B-Instruct",
        "model_path": "None",
        "engine_dir": "/media/masa/ssd_data/trtllm-latency/artifacts/workspaces/Qwen2.5-0.5B-Instruct_bs1_seq1064_tok1064_bf16/Qwen/Qwen2.5-0.5B-Instruct/tp_1_pp_1",
        "revision": null,
        "version": "1.2.0",
        "backend": "TRT",
        "dtype": "bfloat16",
        "kv_cache_dtype": null,
        "quantization": null,
        "max_input_length": 1024,
        "max_sequence_length": 1064
    },
    "machine": {
        "name": "NVIDIA GeForce RTX 4070 Ti",
        "memory.total": 11.5906982421875,
        "clocks.mem": 10.501
    },
    "world_info": {
        "tp_size": 1,
        "pp_size": 1,
        "ep_size": 1,
        "world_size": 1,
        "max_batch_size": 1,
        "max_num_tokens": 1064,
        "scheduling_policy": "GUARANTEED_NO_EVICT",
        "kv_cache_percentage": 0.9,
        "issue_rate": 1.8061848568e+17
    },
    "request_info": {
        "num_requests": 100,
        "avg_num_concurrent_requests": 0.9998633223282631,
        "avg_input_length": 768.0,
        "avg_output_length": 40.0
    },
    "performance": {
        "total_latency_ms": 18235.794979,
        "avg_request_latency_ms": 182.33302553,
        "request_throughput_req_s": 5.4837203486416755,
        "system_output_throughput_tok_s": 219.34881394566702,
        "system_total_throughput_tok_s": 4430.8460417024735,
        "output_throughput_per_user_tok_s": 236.0816848344235,
        "output_throughput_per_gpu_tok_s": 219.34881394566702,
        "request_latency_percentiles_ms": {
            "p50": 168.812742,
            "p90": 275.867321,
            "p95": 298.303345,
            "p99": 364.67693399999996,
            "minimum": 128.53436,
            "maximum": 364.67693399999996,
            "average": 182.33302553
        }
    },
    "streaming_metrics": {
        "token_output_speed_tok_s": 8197.250695805158,
        "avg_ttft_ms": 39.077281189999994,
        "avg_tpot_ms": 3.6732242138461535,
        "tpot_percentiles": {
            "p50": 3.439556230769231,
            "p90": 5.72128958974359,
            "p95": 6.856152102564103,
            "p99": 8.564815,
            "minimum": 0.003635025641025641,
            "maximum": 8.564815,
            "average": 3.6732242138461535
        },
        "ttft_percentiles": {
            "p50": 17.894135,
            "p90": 99.38584,
            "p95": 148.928384,
            "p99": 298.000255,
            "minimum": 10.894834999999999,
            "maximum": 298.000255,
            "average": 39.077281189999994
        },
        "gen_tps_percentiles": {
            "p50": 291.26343888573484,
            "p90": 480.97257093590054,
            "p95": 1695.8264016429166,
            "p99": 275101.2231423613,
            "minimum": 116.7567542322864,
            "maximum": 275101.2231423613,
            "average": 8197.250695805158
        }
    },
    "dataset": {
        "isl_stats": {
            "p50": 768.0,
            "p90": 768.0,
            "p95": 768.0,
            "p99": 768.0,
            "minimum": 768.0,
            "maximum": 768.0,
            "average": 768.0
        },
        "osl_stats": {
            "p50": 40.0,
            "p90": 40.0,
            "p95": 40.0,
            "p99": 40.0,
            "minimum": 40.0,
            "maximum": 40.0,
            "average": 40.0
        },
        "seq_len_stats": {
            "p50": 808.0,
            "p90": 808.0,
            "p95": 808.0,
            "p99": 808.0,
            "minimum": 808.0,
            "maximum": 808.0,
            "average": 808.0
        },
        "num_requests": 100,
        "dataset_path": "/media/masa/ssd_data/trtllm-latency/measurements/rtx4070ti_qwen25_0p5b_official_cli_longctx/datasets/in768_out40.json",
        "max_isl": 768,
        "max_osl": 40,
        "max_sequence_length": 808,
        "avg_isl": 768,
        "avg_osl": 40,
        "avg_sequence_length": 808
    }
}