{
    "engine": {
        "model": "Qwen/Qwen2.5-0.5B-Instruct",
        "model_path": "None",
        "engine_dir": "/tmp/trtllm_fp8_tgt9192_test/Qwen/Qwen2.5-0.5B-Instruct/tp_1_pp_1",
        "revision": null,
        "version": "1.2.0",
        "backend": "TRT",
        "dtype": "bfloat16",
        "kv_cache_dtype": "FP8",
        "quantization": "FP8",
        "max_input_length": 1024,
        "max_sequence_length": 9233
    },
    "machine": {
        "name": "NVIDIA RTX PRO 6000 Blackwell Server Edition",
        "memory.total": 94.97064208984375,
        "clocks.mem": 12.481
    },
    "world_info": {
        "tp_size": 1,
        "pp_size": 1,
        "ep_size": 1,
        "world_size": 1,
        "max_batch_size": 1,
        "max_num_tokens": 32768,
        "scheduling_policy": "GUARANTEED_NO_EVICT",
        "kv_cache_percentage": 0.9,
        "issue_rate": 6.634906785e+16
    },
    "request_info": {
        "num_requests": 100,
        "avg_num_concurrent_requests": 0.9997030746290295,
        "avg_input_length": 16.0,
        "avg_output_length": 40.0
    },
    "performance": {
        "total_latency_ms": 6701.586306,
        "avg_request_latency_ms": 66.99596435,
        "request_throughput_req_s": 14.921840208260686,
        "system_output_throughput_tok_s": 596.8736083304275,
        "system_total_throughput_tok_s": 835.6230516625984,
        "output_throughput_per_user_tok_s": 597.0919338303264,
        "output_throughput_per_gpu_tok_s": 596.8736083304275,
        "request_latency_percentiles_ms": {
            "p50": 66.730718,
            "p90": 67.82836499999999,
            "p95": 68.311499,
            "p99": 69.05803999999999,
            "minimum": 66.49445399999999,
            "maximum": 69.05803999999999,
            "average": 66.99596435
        }
    },
    "streaming_metrics": {
        "token_output_speed_tok_s": 608.0165397829049,
        "avg_ttft_ms": 2.82403792,
        "avg_tpot_ms": 1.645434011025641,
        "tpot_percentiles": {
            "p50": 1.6497410512820512,
            "p90": 1.670930282051282,
            "p95": 1.6806579487179487,
            "p99": 1.7073944615384615,
            "minimum": 1.4290835384615383,
            "maximum": 1.7073944615384615,
            "average": 1.645434011025641
        },
        "ttft_percentiles": {
            "p50": 2.4227749999999997,
            "p90": 3.8966369999999997,
            "p95": 5.415947,
            "p99": 10.884642,
            "minimum": 2.3153539999999997,
            "maximum": 10.884642,
            "average": 2.82403792
        },
        "gen_tps_percentiles": {
            "p50": 606.1678228773891,
            "p90": 616.8743316107302,
            "p95": 637.111760021237,
            "p99": 699.7491560756043,
            "minimum": 585.6877379694333,
            "maximum": 699.7491560756043,
            "average": 608.0165397829049
        }
    },
    "dataset": {
        "isl_stats": {
            "p50": 16.0,
            "p90": 16.0,
            "p95": 16.0,
            "p99": 16.0,
            "minimum": 16.0,
            "maximum": 16.0,
            "average": 16.0
        },
        "osl_stats": {
            "p50": 40.0,
            "p90": 40.0,
            "p95": 40.0,
            "p99": 40.0,
            "minimum": 40.0,
            "maximum": 40.0,
            "average": 40.0
        },
        "seq_len_stats": {
            "p50": 56.0,
            "p90": 56.0,
            "p95": 56.0,
            "p99": 56.0,
            "minimum": 56.0,
            "maximum": 56.0,
            "average": 56.0
        },
        "num_requests": 100,
        "dataset_path": "/workspace/trtllm-latency/measurements/rtx6000_qwen25_0p5b_official_cli_longctx_fp8/datasets/in16_out40.json",
        "max_isl": 16,
        "max_osl": 40,
        "max_sequence_length": 56,
        "avg_isl": 16,
        "avg_osl": 40,
        "avg_sequence_length": 56
    }
}