{
    "engine": {
        "model": "Qwen/Qwen2.5-0.5B-Instruct",
        "model_path": "None",
        "engine_dir": "/tmp/trtllm_fp8_tgt9192_test/Qwen/Qwen2.5-0.5B-Instruct/tp_1_pp_1",
        "revision": null,
        "version": "1.2.0",
        "backend": "TRT",
        "dtype": "bfloat16",
        "kv_cache_dtype": "FP8",
        "quantization": "FP8",
        "max_input_length": 1024,
        "max_sequence_length": 9233
    },
    "machine": {
        "name": "NVIDIA RTX PRO 6000 Blackwell Server Edition",
        "memory.total": 94.97064208984375,
        "clocks.mem": 12.481
    },
    "world_info": {
        "tp_size": 1,
        "pp_size": 1,
        "ep_size": 1,
        "world_size": 1,
        "max_batch_size": 1,
        "max_num_tokens": 32768,
        "scheduling_policy": "GUARANTEED_NO_EVICT",
        "kv_cache_percentage": 0.9,
        "issue_rate": 6.618798519e+16
    },
    "request_info": {
        "num_requests": 100,
        "avg_num_concurrent_requests": 0.999710575003734,
        "avg_input_length": 87.0,
        "avg_output_length": 40.0
    },
    "performance": {
        "total_latency_ms": 6685.317526,
        "avg_request_latency_ms": 66.83382628,
        "request_throughput_req_s": 14.958152639884048,
        "system_output_throughput_tok_s": 598.3261055953619,
        "system_total_throughput_tok_s": 1899.6853852652741,
        "output_throughput_per_user_tok_s": 598.5223720625357,
        "output_throughput_per_gpu_tok_s": 598.3261055953619,
        "request_latency_percentiles_ms": {
            "p50": 66.70448499999999,
            "p90": 67.14585699999999,
            "p95": 67.74743,
            "p99": 68.800449,
            "minimum": 66.37697399999999,
            "maximum": 68.800449,
            "average": 66.83382628
        }
    },
    "streaming_metrics": {
        "token_output_speed_tok_s": 607.4276003376971,
        "avg_ttft_ms": 2.6244341899999997,
        "avg_tpot_ms": 1.646394668974359,
        "tpot_percentiles": {
            "p50": 1.6459640256410257,
            "p90": 1.6565326923076922,
            "p95": 1.670719358974359,
            "p99": 1.7008720512820512,
            "minimum": 1.607452923076923,
            "maximum": 1.7008720512820512,
            "average": 1.646394668974359
        },
        "ttft_percentiles": {
            "p50": 2.5071909999999997,
            "p90": 3.037617,
            "p95": 3.227541,
            "p99": 3.962764,
            "minimum": 2.432449,
            "maximum": 3.962764,
            "average": 2.6244341899999997
        },
        "gen_tps_percentiles": {
            "p50": 607.557595875899,
            "p90": 612.2396213571095,
            "p95": 614.3577291637032,
            "p99": 622.1022000979284,
            "minimum": 587.9337009778242,
            "maximum": 622.1022000979284,
            "average": 607.4276003376971
        }
    },
    "dataset": {
        "isl_stats": {
            "p50": 87.0,
            "p90": 87.0,
            "p95": 87.0,
            "p99": 87.0,
            "minimum": 87.0,
            "maximum": 87.0,
            "average": 87.0
        },
        "osl_stats": {
            "p50": 40.0,
            "p90": 40.0,
            "p95": 40.0,
            "p99": 40.0,
            "minimum": 40.0,
            "maximum": 40.0,
            "average": 40.0
        },
        "seq_len_stats": {
            "p50": 127.0,
            "p90": 127.0,
            "p95": 127.0,
            "p99": 127.0,
            "minimum": 127.0,
            "maximum": 127.0,
            "average": 127.0
        },
        "num_requests": 100,
        "dataset_path": "/workspace/trtllm-latency/measurements/rtx6000_qwen25_0p5b_official_cli_longctx_fp8/datasets/in87_out40.json",
        "max_isl": 87,
        "max_osl": 40,
        "max_sequence_length": 127,
        "avg_isl": 87,
        "avg_osl": 40,
        "avg_sequence_length": 127
    }
}