{
    "engine": {
        "model": "Qwen/Qwen2.5-0.5B-Instruct",
        "model_path": "None",
        "engine_dir": "/workspace/trtllm-latency/artifacts/workspaces/Qwen2.5-0.5B-Instruct_bs1_seq9233_tok9233/Qwen/Qwen2.5-0.5B-Instruct/tp_1_pp_1",
        "revision": null,
        "version": "1.2.0",
        "backend": "TRT",
        "dtype": "bfloat16",
        "kv_cache_dtype": null,
        "quantization": null,
        "max_input_length": 1024,
        "max_sequence_length": 9233
    },
    "machine": {
        "name": "NVIDIA RTX PRO 6000 Blackwell Server Edition",
        "memory.total": 94.97064208984375,
        "clocks.mem": 12.481
    },
    "world_info": {
        "tp_size": 1,
        "pp_size": 1,
        "ep_size": 1,
        "world_size": 1,
        "max_batch_size": 1,
        "max_num_tokens": 9233,
        "scheduling_policy": "GUARANTEED_NO_EVICT",
        "kv_cache_percentage": 0.9,
        "issue_rate": 7.425540017e+16
    },
    "request_info": {
        "num_requests": 100,
        "avg_num_concurrent_requests": 0.9997273784507666,
        "avg_input_length": 256.0,
        "avg_output_length": 40.0
    },
    "performance": {
        "total_latency_ms": 7499.9757199999995,
        "avg_request_latency_ms": 74.97931065,
        "request_throughput_req_s": 13.333376497917515,
        "system_output_throughput_tok_s": 533.3350599167006,
        "system_total_throughput_tok_s": 3946.679443383585,
        "output_throughput_per_user_tok_s": 534.0244563546992,
        "output_throughput_per_gpu_tok_s": 533.3350599167006,
        "request_latency_percentiles_ms": {
            "p50": 74.722584,
            "p90": 79.287876,
            "p95": 80.894948,
            "p99": 83.38414399999999,
            "minimum": 71.24853,
            "maximum": 83.38414399999999,
            "average": 74.97931065
        }
    },
    "streaming_metrics": {
        "token_output_speed_tok_s": 556.4892114728295,
        "avg_ttft_ms": 4.87269306,
        "avg_tpot_ms": 1.7976055792307692,
        "tpot_percentiles": {
            "p50": 1.813374564102564,
            "p90": 1.8214305384615384,
            "p95": 1.8255811025641024,
            "p99": 1.8430617179487179,
            "minimum": 1.7313584102564101,
            "maximum": 1.8430617179487179,
            "average": 1.7976055792307692
        },
        "ttft_percentiles": {
            "p50": 4.049386999999999,
            "p90": 8.049381,
            "p95": 10.177605999999999,
            "p99": 12.591118,
            "minimum": 3.599392,
            "maximum": 12.591118,
            "average": 4.87269306
        },
        "gen_tps_percentiles": {
            "p50": 551.4750642913872,
            "p90": 576.2308668081357,
            "p95": 576.8091400525574,
            "p99": 577.5811605939537,
            "minimum": 542.5754277577721,
            "maximum": 577.5811605939537,
            "average": 556.4892114728295
        }
    },
    "dataset": {
        "isl_stats": {
            "p50": 256.0,
            "p90": 256.0,
            "p95": 256.0,
            "p99": 256.0,
            "minimum": 256.0,
            "maximum": 256.0,
            "average": 256.0
        },
        "osl_stats": {
            "p50": 40.0,
            "p90": 40.0,
            "p95": 40.0,
            "p99": 40.0,
            "minimum": 40.0,
            "maximum": 40.0,
            "average": 40.0
        },
        "seq_len_stats": {
            "p50": 296.0,
            "p90": 296.0,
            "p95": 296.0,
            "p99": 296.0,
            "minimum": 296.0,
            "maximum": 296.0,
            "average": 296.0
        },
        "num_requests": 100,
        "dataset_path": "/workspace/trtllm-latency/measurements/rtx6000_qwen25_0p5b_official_cli_longctx/datasets/in256_out40.json",
        "max_isl": 256,
        "max_osl": 40,
        "max_sequence_length": 296,
        "avg_isl": 256,
        "avg_osl": 40,
        "avg_sequence_length": 296
    }
}