{
    "engine": {
        "model": "Qwen/Qwen2.5-0.5B-Instruct",
        "model_path": "None",
        "engine_dir": "/workspace/trtllm-latency/artifacts/workspaces/Qwen2.5-0.5B-Instruct_bs1_seq9233_tok9233/Qwen/Qwen2.5-0.5B-Instruct/tp_1_pp_1",
        "revision": null,
        "version": "1.2.0",
        "backend": "TRT",
        "dtype": "bfloat16",
        "kv_cache_dtype": null,
        "quantization": null,
        "max_input_length": 1024,
        "max_sequence_length": 9233
    },
    "machine": {
        "name": "NVIDIA RTX PRO 6000 Blackwell Server Edition",
        "memory.total": 94.97064208984375,
        "clocks.mem": 12.481
    },
    "world_info": {
        "tp_size": 1,
        "pp_size": 1,
        "ep_size": 1,
        "world_size": 1,
        "max_batch_size": 1,
        "max_num_tokens": 9233,
        "scheduling_policy": "GUARANTEED_NO_EVICT",
        "kv_cache_percentage": 0.9,
        "issue_rate": 7.568431078e+16
    },
    "request_info": {
        "num_requests": 100,
        "avg_num_concurrent_requests": 0.9997107504724885,
        "avg_input_length": 512.0,
        "avg_output_length": 40.0
    },
    "performance": {
        "total_latency_ms": 7644.921735999999,
        "avg_request_latency_ms": 76.42710446,
        "request_throughput_req_s": 13.08057864465756,
        "system_output_throughput_tok_s": 523.2231457863024,
        "system_total_throughput_tok_s": 7220.479411850973,
        "output_throughput_per_user_tok_s": 524.352254988792,
        "output_throughput_per_gpu_tok_s": 523.2231457863024,
        "request_latency_percentiles_ms": {
            "p50": 75.92183399999999,
            "p90": 78.039373,
            "p95": 86.719421,
            "p99": 94.896755,
            "minimum": 72.591565,
            "maximum": 94.896755,
            "average": 76.42710446
        }
    },
    "streaming_metrics": {
        "token_output_speed_tok_s": 552.8470178342976,
        "avg_ttft_ms": 5.8461348399999995,
        "avg_tpot_ms": 1.8097684517948716,
        "tpot_percentiles": {
            "p50": 1.8237260256410257,
            "p90": 1.846183564102564,
            "p95": 1.853672,
            "p99": 1.9330865897435896,
            "minimum": 1.681465846153846,
            "maximum": 1.9330865897435896,
            "average": 1.8097684517948716
        },
        "ttft_percentiles": {
            "p50": 4.937431,
            "p90": 7.356522,
            "p95": 15.467355999999999,
            "p99": 22.165149,
            "minimum": 4.2177109999999995,
            "maximum": 22.165149,
            "average": 5.8461348399999995
        },
        "gen_tps_percentiles": {
            "p50": 548.625238699456,
            "p90": 571.6816693526911,
            "p95": 573.230008673264,
            "p99": 594.7191864095138,
            "minimum": 517.3074011819837,
            "maximum": 594.7191864095138,
            "average": 552.8470178342976
        }
    },
    "dataset": {
        "isl_stats": {
            "p50": 512.0,
            "p90": 512.0,
            "p95": 512.0,
            "p99": 512.0,
            "minimum": 512.0,
            "maximum": 512.0,
            "average": 512.0
        },
        "osl_stats": {
            "p50": 40.0,
            "p90": 40.0,
            "p95": 40.0,
            "p99": 40.0,
            "minimum": 40.0,
            "maximum": 40.0,
            "average": 40.0
        },
        "seq_len_stats": {
            "p50": 552.0,
            "p90": 552.0,
            "p95": 552.0,
            "p99": 552.0,
            "minimum": 552.0,
            "maximum": 552.0,
            "average": 552.0
        },
        "num_requests": 100,
        "dataset_path": "/workspace/trtllm-latency/measurements/rtx6000_qwen25_0p5b_official_cli_longctx/datasets/in512_out40.json",
        "max_isl": 512,
        "max_osl": 40,
        "max_sequence_length": 552,
        "avg_isl": 512,
        "avg_osl": 40,
        "avg_sequence_length": 552
    }
}