{
    "engine": {
        "model": "Qwen/Qwen2.5-0.5B-Instruct",
        "model_path": "None",
        "engine_dir": "/workspace/trtllm-latency/artifacts/workspaces/Qwen2.5-0.5B-Instruct_bs1_seq9233_tok9233/Qwen/Qwen2.5-0.5B-Instruct/tp_1_pp_1",
        "revision": null,
        "version": "1.2.0",
        "backend": "TRT",
        "dtype": "bfloat16",
        "kv_cache_dtype": null,
        "quantization": null,
        "max_input_length": 1024,
        "max_sequence_length": 9233
    },
    "machine": {
        "name": "NVIDIA RTX PRO 6000 Blackwell Server Edition",
        "memory.total": 94.97064208984375,
        "clocks.mem": 12.481
    },
    "world_info": {
        "tp_size": 1,
        "pp_size": 1,
        "ep_size": 1,
        "world_size": 1,
        "max_batch_size": 1,
        "max_num_tokens": 9233,
        "scheduling_policy": "GUARANTEED_NO_EVICT",
        "kv_cache_percentage": 0.9,
        "issue_rate": 7.070599909e+16
    },
    "request_info": {
        "num_requests": 100,
        "avg_num_concurrent_requests": 0.9997380429513821,
        "avg_input_length": 64.0,
        "avg_output_length": 40.0
    },
    "performance": {
        "total_latency_ms": 7150.729518,
        "avg_request_latency_ms": 71.48856334,
        "request_throughput_req_s": 13.984587131743332,
        "system_output_throughput_tok_s": 559.3834852697333,
        "system_total_throughput_tok_s": 1454.3970617013065,
        "output_throughput_per_user_tok_s": 560.7162899873406,
        "output_throughput_per_gpu_tok_s": 559.3834852697333,
        "request_latency_percentiles_ms": {
            "p50": 70.025446,
            "p90": 78.865062,
            "p95": 80.644272,
            "p99": 82.329971,
            "minimum": 69.617654,
            "maximum": 82.329971,
            "average": 71.48856334
        }
    },
    "streaming_metrics": {
        "token_output_speed_tok_s": 585.0338438726623,
        "avg_ttft_ms": 4.82559391,
        "avg_tpot_ms": 1.7093069084615384,
        "tpot_percentiles": {
            "p50": 1.7089859230769229,
            "p90": 1.7123512307692306,
            "p95": 1.714074076923077,
            "p99": 1.716951717948718,
            "minimum": 1.6950059743589743,
            "maximum": 1.716951717948718,
            "average": 1.7093069084615384
        },
        "ttft_percentiles": {
            "p50": 3.355887,
            "p90": 12.213298,
            "p95": 13.891748,
            "p99": 15.740361,
            "minimum": 2.9966369999999998,
            "maximum": 15.740361,
            "average": 4.82559391
        },
        "gen_tps_percentiles": {
            "p50": 585.1459353962879,
            "p90": 585.6829443825413,
            "p95": 586.1942946701321,
            "p99": 589.9684220158485,
            "minimum": 582.4275601615188,
            "maximum": 589.9684220158485,
            "average": 585.0338438726623
        }
    },
    "dataset": {
        "isl_stats": {
            "p50": 64.0,
            "p90": 64.0,
            "p95": 64.0,
            "p99": 64.0,
            "minimum": 64.0,
            "maximum": 64.0,
            "average": 64.0
        },
        "osl_stats": {
            "p50": 40.0,
            "p90": 40.0,
            "p95": 40.0,
            "p99": 40.0,
            "minimum": 40.0,
            "maximum": 40.0,
            "average": 40.0
        },
        "seq_len_stats": {
            "p50": 104.0,
            "p90": 104.0,
            "p95": 104.0,
            "p99": 104.0,
            "minimum": 104.0,
            "maximum": 104.0,
            "average": 104.0
        },
        "num_requests": 100,
        "dataset_path": "/workspace/trtllm-latency/measurements/rtx6000_qwen25_0p5b_official_cli_longctx/datasets/in64_out40.json",
        "max_isl": 64,
        "max_osl": 40,
        "max_sequence_length": 104,
        "avg_isl": 64,
        "avg_osl": 40,
        "avg_sequence_length": 104
    }
}