{
    "engine": {
        "model": "Qwen/Qwen2.5-0.5B-Instruct",
        "model_path": "None",
        "engine_dir": "/workspace/trtllm-latency/artifacts/workspaces/Qwen2.5-0.5B-Instruct_bs1_seq9233_tok9233/Qwen/Qwen2.5-0.5B-Instruct/tp_1_pp_1",
        "revision": null,
        "version": "1.2.0",
        "backend": "TRT",
        "dtype": "bfloat16",
        "kv_cache_dtype": null,
        "quantization": null,
        "max_input_length": 1024,
        "max_sequence_length": 9233
    },
    "machine": {
        "name": "NVIDIA RTX PRO 6000 Blackwell Server Edition",
        "memory.total": 94.97064208984375,
        "clocks.mem": 12.481
    },
    "world_info": {
        "tp_size": 1,
        "pp_size": 1,
        "ep_size": 1,
        "world_size": 1,
        "max_batch_size": 1,
        "max_num_tokens": 9233,
        "scheduling_policy": "GUARANTEED_NO_EVICT",
        "kv_cache_percentage": 0.9,
        "issue_rate": 7.844687382e+16
    },
    "request_info": {
        "num_requests": 100,
        "avg_num_concurrent_requests": 0.999699408568172,
        "avg_input_length": 768.0,
        "avg_output_length": 40.0
    },
    "performance": {
        "total_latency_ms": 7922.348236999999,
        "avg_request_latency_ms": 79.19966846999999,
        "request_throughput_req_s": 12.622520117579125,
        "system_output_throughput_tok_s": 504.9008047031649,
        "system_total_throughput_tok_s": 10198.99625500393,
        "output_throughput_per_user_tok_s": 509.08986216695484,
        "output_throughput_per_gpu_tok_s": 504.9008047031649,
        "request_latency_percentiles_ms": {
            "p50": 77.427144,
            "p90": 83.995072,
            "p95": 89.120374,
            "p99": 155.96844,
            "minimum": 73.856584,
            "maximum": 155.96844,
            "average": 79.19966846999999
        }
    },
    "streaming_metrics": {
        "token_output_speed_tok_s": 551.4087882445725,
        "avg_ttft_ms": 8.441892699999999,
        "avg_tpot_ms": 1.814301942820513,
        "tpot_percentiles": {
            "p50": 1.8292314871794872,
            "p90": 1.8396968974358974,
            "p95": 1.8558611794871793,
            "p99": 1.934435,
            "minimum": 1.7325371025641023,
            "maximum": 1.934435,
            "average": 1.814301942820513
        },
        "ttft_percentiles": {
            "p50": 6.111333,
            "p90": 15.298713,
            "p95": 18.072336,
            "p99": 84.757036,
            "minimum": 5.672434,
            "maximum": 84.757036,
            "average": 8.441892699999999
        },
        "gen_tps_percentiles": {
            "p50": 546.6873445314059,
            "p90": 571.5464146688238,
            "p95": 572.4139369407965,
            "p99": 577.1882163562502,
            "minimum": 516.9468087581129,
            "maximum": 577.1882163562502,
            "average": 551.4087882445725
        }
    },
    "dataset": {
        "isl_stats": {
            "p50": 768.0,
            "p90": 768.0,
            "p95": 768.0,
            "p99": 768.0,
            "minimum": 768.0,
            "maximum": 768.0,
            "average": 768.0
        },
        "osl_stats": {
            "p50": 40.0,
            "p90": 40.0,
            "p95": 40.0,
            "p99": 40.0,
            "minimum": 40.0,
            "maximum": 40.0,
            "average": 40.0
        },
        "seq_len_stats": {
            "p50": 808.0,
            "p90": 808.0,
            "p95": 808.0,
            "p99": 808.0,
            "minimum": 808.0,
            "maximum": 808.0,
            "average": 808.0
        },
        "num_requests": 100,
        "dataset_path": "/workspace/trtllm-latency/measurements/rtx6000_qwen25_0p5b_official_cli_longctx/datasets/in768_out40.json",
        "max_isl": 768,
        "max_osl": 40,
        "max_sequence_length": 808,
        "avg_isl": 768,
        "avg_osl": 40,
        "avg_sequence_length": 808
    }
}