{
    "engine": {
        "model": "Qwen/Qwen2.5-0.5B-Instruct",
        "model_path": "None",
        "engine_dir": "/workspace/trtllm-latency/artifacts/workspaces/Qwen2.5-0.5B-Instruct_bs1_seq1065_tok1065/Qwen/Qwen2.5-0.5B-Instruct/tp_1_pp_1",
        "revision": null,
        "version": "1.2.0",
        "backend": "TRT",
        "dtype": "bfloat16",
        "kv_cache_dtype": null,
        "quantization": null,
        "max_input_length": 1024,
        "max_sequence_length": 1065
    },
    "machine": {
        "name": "NVIDIA RTX PRO 6000 Blackwell Server Edition",
        "memory.total": 94.97064208984375,
        "clocks.mem": 12.481
    },
    "world_info": {
        "tp_size": 1,
        "pp_size": 1,
        "ep_size": 1,
        "world_size": 1,
        "max_batch_size": 1,
        "max_num_tokens": 1065,
        "scheduling_policy": "GUARANTEED_NO_EVICT",
        "kv_cache_percentage": 0.9,
        "issue_rate": 7.014127934999999e+16
    },
    "request_info": {
        "num_requests": 20,
        "avg_num_concurrent_requests": 0.9997004553368557,
        "avg_input_length": 16.0,
        "avg_output_length": 40.0
    },
    "performance": {
        "total_latency_ms": 1472.675211,
        "avg_request_latency_ms": 73.61170395,
        "request_throughput_req_s": 13.580726999824538,
        "system_output_throughput_tok_s": 543.2290799929816,
        "system_total_throughput_tok_s": 760.5207119901743,
        "output_throughput_per_user_tok_s": 549.8343252187501,
        "output_throughput_per_gpu_tok_s": 543.2290799929816,
        "request_latency_percentiles_ms": {
            "p50": 70.030355,
            "p90": 81.03035899999999,
            "p95": 111.254688,
            "p99": 111.254688,
            "minimum": 69.780721,
            "maximum": 111.254688,
            "average": 73.61170395
        }
    },
    "streaming_metrics": {
        "token_output_speed_tok_s": 585.380820570684,
        "avg_ttft_ms": 6.98835545,
        "avg_tpot_ms": 1.7082909871794871,
        "tpot_percentiles": {
            "p50": 1.7082128717948717,
            "p90": 1.7097366923076922,
            "p95": 1.7131672051282052,
            "p99": 1.7131672051282052,
            "minimum": 1.7057224615384614,
            "maximum": 1.7131672051282052,
            "average": 1.7082909871794871
        },
        "ttft_percentiles": {
            "p50": 3.353048,
            "p90": 14.426931999999999,
            "p95": 44.618472,
            "p99": 44.618472,
            "minimum": 3.160028,
            "maximum": 44.618472,
            "average": 6.98835545
        },
        "gen_tps_percentiles": {
            "p50": 585.5146117198136,
            "p90": 586.0429454674718,
            "p95": 586.2618465480361,
            "p99": 586.2618465480361,
            "minimum": 583.7141856361678,
            "maximum": 586.2618465480361,
            "average": 585.380820570684
        }
    },
    "dataset": {
        "isl_stats": {
            "p50": 16.0,
            "p90": 16.0,
            "p95": 16.0,
            "p99": 16.0,
            "minimum": 16.0,
            "maximum": 16.0,
            "average": 16.0
        },
        "osl_stats": {
            "p50": 40.0,
            "p90": 40.0,
            "p95": 40.0,
            "p99": 40.0,
            "minimum": 40.0,
            "maximum": 40.0,
            "average": 40.0
        },
        "seq_len_stats": {
            "p50": 56.0,
            "p90": 56.0,
            "p95": 56.0,
            "p99": 56.0,
            "minimum": 56.0,
            "maximum": 56.0,
            "average": 56.0
        },
        "num_requests": 20,
        "dataset_path": "/workspace/trtllm-latency/artifacts/datasets_seq1065/in16_out40.json",
        "max_isl": 16,
        "max_osl": 40,
        "max_sequence_length": 56,
        "avg_isl": 16,
        "avg_osl": 40,
        "avg_sequence_length": 56
    }
}