{
    "engine": {
        "model": "Qwen/Qwen2.5-0.5B-Instruct",
        "model_path": "None",
        "engine_dir": "/workspace/trtllm-latency/artifacts/workspaces/Qwen2.5-0.5B-Instruct_bs1_seq1065_tok1065/Qwen/Qwen2.5-0.5B-Instruct/tp_1_pp_1",
        "revision": null,
        "version": "1.2.0",
        "backend": "TRT",
        "dtype": "bfloat16",
        "kv_cache_dtype": null,
        "quantization": null,
        "max_input_length": 1024,
        "max_sequence_length": 1065
    },
    "machine": {
        "name": "NVIDIA RTX PRO 6000 Blackwell Server Edition",
        "memory.total": 94.97064208984375,
        "clocks.mem": 12.481
    },
    "world_info": {
        "tp_size": 1,
        "pp_size": 1,
        "ep_size": 1,
        "world_size": 1,
        "max_batch_size": 1,
        "max_num_tokens": 1065,
        "scheduling_policy": "GUARANTEED_NO_EVICT",
        "kv_cache_percentage": 0.9,
        "issue_rate": 6.798859055e+16
    },
    "request_info": {
        "num_requests": 20,
        "avg_num_concurrent_requests": 0.9997380214396281,
        "avg_input_length": 32.0,
        "avg_output_length": 40.0
    },
    "performance": {
        "total_latency_ms": 1429.815476,
        "avg_request_latency_ms": 71.47204475,
        "request_throughput_req_s": 13.98781894286896,
        "system_output_throughput_tok_s": 559.5127577147584,
        "system_total_throughput_tok_s": 1007.1229638865652,
        "output_throughput_per_user_tok_s": 561.0622940433727,
        "output_throughput_per_gpu_tok_s": 559.5127577147584,
        "request_latency_percentiles_ms": {
            "p50": 69.959689,
            "p90": 79.50880699999999,
            "p95": 82.40782399999999,
            "p99": 82.40782399999999,
            "minimum": 69.684536,
            "maximum": 82.40782399999999,
            "average": 71.47204475
        }
    },
    "streaming_metrics": {
        "token_output_speed_tok_s": 585.5557281358733,
        "avg_ttft_ms": 4.86627715,
        "avg_tpot_ms": 1.7078401948717947,
        "tpot_percentiles": {
            "p50": 1.708013846153846,
            "p90": 1.7192522307692306,
            "p95": 1.7330521538461536,
            "p99": 1.7330521538461536,
            "minimum": 1.6722800256410257,
            "maximum": 1.7330521538461536,
            "average": 1.7078401948717947
        },
        "ttft_percentiles": {
            "p50": 3.2344589999999998,
            "p90": 12.859430999999999,
            "p95": 14.81879,
            "p99": 14.81879,
            "minimum": 3.0654459999999997,
            "maximum": 14.81879,
            "average": 4.86627715
        },
        "gen_tps_percentiles": {
            "p50": 585.5303646213185,
            "p90": 586.8781097203839,
            "p95": 597.9859740396503,
            "p99": 597.9859740396503,
            "minimum": 577.0166799543251,
            "maximum": 597.9859740396503,
            "average": 585.5557281358733
        }
    },
    "dataset": {
        "isl_stats": {
            "p50": 32.0,
            "p90": 32.0,
            "p95": 32.0,
            "p99": 32.0,
            "minimum": 32.0,
            "maximum": 32.0,
            "average": 32.0
        },
        "osl_stats": {
            "p50": 40.0,
            "p90": 40.0,
            "p95": 40.0,
            "p99": 40.0,
            "minimum": 40.0,
            "maximum": 40.0,
            "average": 40.0
        },
        "seq_len_stats": {
            "p50": 72.0,
            "p90": 72.0,
            "p95": 72.0,
            "p99": 72.0,
            "minimum": 72.0,
            "maximum": 72.0,
            "average": 72.0
        },
        "num_requests": 20,
        "dataset_path": "/workspace/trtllm-latency/artifacts/datasets_seq1065/in32_out40.json",
        "max_isl": 32,
        "max_osl": 40,
        "max_sequence_length": 72,
        "avg_isl": 32,
        "avg_osl": 40,
        "avg_sequence_length": 72
    }
}