{
    "engine": {
        "model": "Qwen/Qwen2.5-0.5B-Instruct",
        "model_path": "None",
        "engine_dir": "/workspace/trtllm-latency/artifacts/workspaces/Qwen2.5-0.5B-Instruct_bs1_seq127_tok127/Qwen/Qwen2.5-0.5B-Instruct/tp_1_pp_1",
        "revision": null,
        "version": "1.2.0",
        "backend": "TRT",
        "dtype": "bfloat16",
        "kv_cache_dtype": null,
        "quantization": null,
        "max_input_length": 127,
        "max_sequence_length": 127
    },
    "machine": {
        "name": "NVIDIA RTX PRO 6000 Blackwell Server Edition",
        "memory.total": 94.97064208984375,
        "clocks.mem": 12.481
    },
    "world_info": {
        "tp_size": 1,
        "pp_size": 1,
        "ep_size": 1,
        "world_size": 1,
        "max_batch_size": 1,
        "max_num_tokens": 127,
        "scheduling_policy": "GUARANTEED_NO_EVICT",
        "kv_cache_percentage": 0.9,
        "issue_rate": 6.79962697e+16
    },
    "request_info": {
        "num_requests": 20,
        "avg_num_concurrent_requests": 0.999735300314136,
        "avg_input_length": 64.0,
        "avg_output_length": 40.0
    },
    "performance": {
        "total_latency_ms": 1429.495463,
        "avg_request_latency_ms": 71.4558538,
        "request_throughput_req_s": 13.99095031615361,
        "system_output_throughput_tok_s": 559.6380126461444,
        "system_total_throughput_tok_s": 1455.0588328799754,
        "output_throughput_per_user_tok_s": 561.5646052498572,
        "output_throughput_per_gpu_tok_s": 559.6380126461444,
        "request_latency_percentiles_ms": {
            "p50": 69.579933,
            "p90": 81.259393,
            "p95": 82.77117,
            "p99": 82.77117,
            "minimum": 69.197771,
            "maximum": 82.77117,
            "average": 71.4558538
        }
    },
    "streaming_metrics": {
        "token_output_speed_tok_s": 588.867117715728,
        "avg_ttft_ms": 5.2251891,
        "avg_tpot_ms": 1.6982221717948716,
        "tpot_percentiles": {
            "p50": 1.6984067435897434,
            "p90": 1.7126275384615384,
            "p95": 1.7176155384615384,
            "p99": 1.7176155384615384,
            "minimum": 1.675521923076923,
            "maximum": 1.7176155384615384,
            "average": 1.6982221717948716
        },
        "ttft_percentiles": {
            "p50": 3.4648649999999996,
            "p90": 15.021529999999998,
            "p95": 16.237864,
            "p99": 16.237864,
            "minimum": 3.032807,
            "maximum": 16.237864,
            "average": 5.2251891
        },
        "gen_tps_percentiles": {
            "p50": 588.8167573263298,
            "p90": 595.6137628014006,
            "p95": 596.828955937266,
            "p99": 596.828955937266,
            "minimum": 582.202464758613,
            "maximum": 596.828955937266,
            "average": 588.867117715728
        }
    },
    "dataset": {
        "isl_stats": {
            "p50": 64.0,
            "p90": 64.0,
            "p95": 64.0,
            "p99": 64.0,
            "minimum": 64.0,
            "maximum": 64.0,
            "average": 64.0
        },
        "osl_stats": {
            "p50": 40.0,
            "p90": 40.0,
            "p95": 40.0,
            "p99": 40.0,
            "minimum": 40.0,
            "maximum": 40.0,
            "average": 40.0
        },
        "seq_len_stats": {
            "p50": 104.0,
            "p90": 104.0,
            "p95": 104.0,
            "p99": 104.0,
            "minimum": 104.0,
            "maximum": 104.0,
            "average": 104.0
        },
        "num_requests": 20,
        "dataset_path": "/workspace/trtllm-latency/artifacts/datasets/in64_out40.json",
        "max_isl": 64,
        "max_osl": 40,
        "max_sequence_length": 104,
        "avg_isl": 64,
        "avg_osl": 40,
        "avg_sequence_length": 104
    }
}