{
    "engine": {
        "model": "Qwen/Qwen2.5-0.5B-Instruct",
        "model_path": "None",
        "engine_dir": "/workspace/trtllm-latency/artifacts/workspaces/Qwen2.5-0.5B-Instruct_bs1_seq1065_tok1065/Qwen/Qwen2.5-0.5B-Instruct/tp_1_pp_1",
        "revision": null,
        "version": "1.2.0",
        "backend": "TRT",
        "dtype": "bfloat16",
        "kv_cache_dtype": null,
        "quantization": null,
        "max_input_length": 1024,
        "max_sequence_length": 1065
    },
    "machine": {
        "name": "NVIDIA RTX PRO 6000 Blackwell Server Edition",
        "memory.total": 94.97064208984375,
        "clocks.mem": 12.481
    },
    "world_info": {
        "tp_size": 1,
        "pp_size": 1,
        "ep_size": 1,
        "world_size": 1,
        "max_batch_size": 1,
        "max_num_tokens": 1065,
        "scheduling_policy": "GUARANTEED_NO_EVICT",
        "kv_cache_percentage": 0.9,
        "issue_rate": 6.790217745e+16
    },
    "request_info": {
        "num_requests": 20,
        "avg_num_concurrent_requests": 0.9997300982879023,
        "avg_input_length": 64.0,
        "avg_output_length": 40.0
    },
    "performance": {
        "total_latency_ms": 1428.371821,
        "avg_request_latency_ms": 71.39931505,
        "request_throughput_req_s": 14.001956427562428,
        "system_output_throughput_tok_s": 560.0782571024971,
        "system_total_throughput_tok_s": 1456.2034684664925,
        "output_throughput_per_user_tok_s": 561.4661056154055,
        "output_throughput_per_gpu_tok_s": 560.0782571024971,
        "request_latency_percentiles_ms": {
            "p50": 69.888032,
            "p90": 78.692143,
            "p95": 81.852231,
            "p99": 81.852231,
            "minimum": 69.759348,
            "maximum": 81.852231,
            "average": 71.39931505
        }
    },
    "streaming_metrics": {
        "token_output_speed_tok_s": 585.4969738283887,
        "avg_ttft_ms": 4.78919695,
        "avg_tpot_ms": 1.7079517461538458,
        "tpot_percentiles": {
            "p50": 1.7081124615384615,
            "p90": 1.710204051282051,
            "p95": 1.7102423076923077,
            "p99": 1.7102423076923077,
            "minimum": 1.7045679230769228,
            "maximum": 1.7102423076923077,
            "average": 1.7079517461538458
        },
        "ttft_percentiles": {
            "p50": 3.2871189999999997,
            "p90": 12.062126,
            "p95": 15.154273,
            "p99": 15.154273,
            "minimum": 3.089753,
            "maximum": 15.154273,
            "average": 4.78919695
        },
        "gen_tps_percentiles": {
            "p50": 585.5204134710951,
            "p90": 586.2005063960712,
            "p95": 586.6589335993697,
            "p99": 586.6589335993697,
            "minimum": 584.712467644036,
            "maximum": 586.6589335993697,
            "average": 585.4969738283887
        }
    },
    "dataset": {
        "isl_stats": {
            "p50": 64.0,
            "p90": 64.0,
            "p95": 64.0,
            "p99": 64.0,
            "minimum": 64.0,
            "maximum": 64.0,
            "average": 64.0
        },
        "osl_stats": {
            "p50": 40.0,
            "p90": 40.0,
            "p95": 40.0,
            "p99": 40.0,
            "minimum": 40.0,
            "maximum": 40.0,
            "average": 40.0
        },
        "seq_len_stats": {
            "p50": 104.0,
            "p90": 104.0,
            "p95": 104.0,
            "p99": 104.0,
            "minimum": 104.0,
            "maximum": 104.0,
            "average": 104.0
        },
        "num_requests": 20,
        "dataset_path": "/workspace/trtllm-latency/artifacts/datasets_seq1065/in64_out40.json",
        "max_isl": 64,
        "max_osl": 40,
        "max_sequence_length": 104,
        "avg_isl": 64,
        "avg_osl": 40,
        "avg_sequence_length": 104
    }
}