{
    "engine": {
        "model": "Qwen/Qwen2.5-0.5B-Instruct",
        "model_path": "None",
        "engine_dir": "/workspace/trtllm-latency/artifacts/workspaces/Qwen2.5-0.5B-Instruct_bs1_seq127_tok127/Qwen/Qwen2.5-0.5B-Instruct/tp_1_pp_1",
        "revision": null,
        "version": "1.2.0",
        "backend": "TRT",
        "dtype": "bfloat16",
        "kv_cache_dtype": null,
        "quantization": null,
        "max_input_length": 127,
        "max_sequence_length": 127
    },
    "machine": {
        "name": "NVIDIA RTX PRO 6000 Blackwell Server Edition",
        "memory.total": 94.97064208984375,
        "clocks.mem": 12.481
    },
    "world_info": {
        "tp_size": 1,
        "pp_size": 1,
        "ep_size": 1,
        "world_size": 1,
        "max_batch_size": 1,
        "max_num_tokens": 127,
        "scheduling_policy": "GUARANTEED_NO_EVICT",
        "kv_cache_percentage": 0.9,
        "issue_rate": 6.74985455e+16
    },
    "request_info": {
        "num_requests": 20,
        "avg_num_concurrent_requests": 0.9996757946795657,
        "avg_input_length": 87.0,
        "avg_output_length": 40.0
    },
    "performance": {
        "total_latency_ms": 1420.269721,
        "avg_request_latency_ms": 70.99046309999999,
        "request_throughput_req_s": 14.081832277546669,
        "system_output_throughput_tok_s": 563.2732911018667,
        "system_total_throughput_tok_s": 1788.3926992484267,
        "output_throughput_per_user_tok_s": 564.4619787912635,
        "output_throughput_per_gpu_tok_s": 563.2732911018667,
        "request_latency_percentiles_ms": {
            "p50": 69.909758,
            "p90": 78.687057,
            "p95": 81.777901,
            "p99": 81.777901,
            "minimum": 69.38170699999999,
            "maximum": 81.777901,
            "average": 70.99046309999999
        }
    },
    "streaming_metrics": {
        "token_output_speed_tok_s": 588.6887803728948,
        "avg_ttft_ms": 4.7357107,
        "avg_tpot_ms": 1.698839805128205,
        "tpot_percentiles": {
            "p50": 1.700715076923077,
            "p90": 1.7047716666666666,
            "p95": 1.722114076923077,
            "p99": 1.722114076923077,
            "minimum": 1.6338592051282053,
            "maximum": 1.722114076923077,
            "average": 1.698839805128205
        },
        "ttft_percentiles": {
            "p50": 3.498805,
            "p90": 12.365729,
            "p95": 15.461649999999999,
            "p99": 15.461649999999999,
            "minimum": 3.0149399999999997,
            "maximum": 15.461649999999999,
            "average": 4.7357107
        },
        "gen_tps_percentiles": {
            "p50": 588.0078601272232,
            "p90": 588.9924648079644,
            "p95": 612.0478416140712,
            "p99": 612.0478416140712,
            "minimum": 580.6816246381962,
            "maximum": 612.0478416140712,
            "average": 588.6887803728948
        }
    },
    "dataset": {
        "isl_stats": {
            "p50": 87.0,
            "p90": 87.0,
            "p95": 87.0,
            "p99": 87.0,
            "minimum": 87.0,
            "maximum": 87.0,
            "average": 87.0
        },
        "osl_stats": {
            "p50": 40.0,
            "p90": 40.0,
            "p95": 40.0,
            "p99": 40.0,
            "minimum": 40.0,
            "maximum": 40.0,
            "average": 40.0
        },
        "seq_len_stats": {
            "p50": 127.0,
            "p90": 127.0,
            "p95": 127.0,
            "p99": 127.0,
            "minimum": 127.0,
            "maximum": 127.0,
            "average": 127.0
        },
        "num_requests": 20,
        "dataset_path": "/workspace/trtllm-latency/artifacts/datasets/in87_out40.json",
        "max_isl": 87,
        "max_osl": 40,
        "max_sequence_length": 127,
        "avg_isl": 87,
        "avg_osl": 40,
        "avg_sequence_length": 127
    }
}