{
    "engine": {
        "model": "Qwen/Qwen2.5-0.5B-Instruct",
        "model_path": "None",
        "engine_dir": "/workspace/trtllm-latency/artifacts/workspaces/Qwen2.5-0.5B-Instruct_bs1_seq1065_tok1065/Qwen/Qwen2.5-0.5B-Instruct/tp_1_pp_1",
        "revision": null,
        "version": "1.2.0",
        "backend": "TRT",
        "dtype": "bfloat16",
        "kv_cache_dtype": null,
        "quantization": null,
        "max_input_length": 1024,
        "max_sequence_length": 1065
    },
    "machine": {
        "name": "NVIDIA RTX PRO 6000 Blackwell Server Edition",
        "memory.total": 94.97064208984375,
        "clocks.mem": 12.481
    },
    "world_info": {
        "tp_size": 1,
        "pp_size": 1,
        "ep_size": 1,
        "world_size": 1,
        "max_batch_size": 1,
        "max_num_tokens": 1065,
        "scheduling_policy": "GUARANTEED_NO_EVICT",
        "kv_cache_percentage": 0.9,
        "issue_rate": 7.022279755e+16
    },
    "request_info": {
        "num_requests": 20,
        "avg_num_concurrent_requests": 0.9997546333616851,
        "avg_input_length": 87.0,
        "avg_output_length": 40.0
    },
    "performance": {
        "total_latency_ms": 1474.73594,
        "avg_request_latency_ms": 73.71870445,
        "request_throughput_req_s": 13.561749908936239,
        "system_output_throughput_tok_s": 542.4699963574496,
        "system_total_throughput_tok_s": 1722.3422384349024,
        "output_throughput_per_user_tok_s": 549.4930245269543,
        "output_throughput_per_gpu_tok_s": 542.4699963574496,
        "request_latency_percentiles_ms": {
            "p50": 70.52062,
            "p90": 81.617269,
            "p95": 115.507184,
            "p99": 115.507184,
            "minimum": 69.619239,
            "maximum": 115.507184,
            "average": 73.71870445
        }
    },
    "streaming_metrics": {
        "token_output_speed_tok_s": 584.0388871989313,
        "avg_ttft_ms": 6.933824799999999,
        "avg_tpot_ms": 1.7124328115384615,
        "tpot_percentiles": {
            "p50": 1.7168239743589742,
            "p90": 1.7363175641025639,
            "p95": 1.7383375128205127,
            "p99": 1.7383375128205127,
            "minimum": 1.645581,
            "maximum": 1.7383375128205127,
            "average": 1.7124328115384615
        },
        "ttft_percentiles": {
            "p50": 3.4905739999999996,
            "p90": 14.322776,
            "p95": 49.147583,
            "p99": 49.147583,
            "minimum": 3.1645149999999997,
            "maximum": 49.147583,
            "average": 6.933824799999999
        },
        "gen_tps_percentiles": {
            "p50": 585.0411810487341,
            "p90": 587.8022443344718,
            "p95": 607.6881052953333,
            "p99": 607.6881052953333,
            "minimum": 575.2622794048007,
            "maximum": 607.6881052953333,
            "average": 584.0388871989313
        }
    },
    "dataset": {
        "isl_stats": {
            "p50": 87.0,
            "p90": 87.0,
            "p95": 87.0,
            "p99": 87.0,
            "minimum": 87.0,
            "maximum": 87.0,
            "average": 87.0
        },
        "osl_stats": {
            "p50": 40.0,
            "p90": 40.0,
            "p95": 40.0,
            "p99": 40.0,
            "minimum": 40.0,
            "maximum": 40.0,
            "average": 40.0
        },
        "seq_len_stats": {
            "p50": 127.0,
            "p90": 127.0,
            "p95": 127.0,
            "p99": 127.0,
            "minimum": 127.0,
            "maximum": 127.0,
            "average": 127.0
        },
        "num_requests": 20,
        "dataset_path": "/workspace/trtllm-latency/artifacts/datasets_seq1065/in87_out40.json",
        "max_isl": 87,
        "max_osl": 40,
        "max_sequence_length": 127,
        "avg_isl": 87,
        "avg_osl": 40,
        "avg_sequence_length": 127
    }
}